experiment,mrr,map,ndcg_at_k,precision_at_k,recall_at_k,f1_score_at_k
fixed_512_0,0.6879567403955756,0.576174080782107,1.287849233176173,0.35673918479619904,2.357883317858376,0.5997058521735771
fixed_512_128,0.6970096174359992,0.58749344018595,1.3599613321431512,0.3820830207551888,2.5172865969280114,0.6420798053264208
recursive_512_64,0.6890964784552249,0.5865236875797595,1.3018902399696042,0.36011502875718926,2.375006354733555,0.6052568681692649
sentence_s5,0.598518232502309,0.49183231857858895,0.9960523939320777,0.27195548887221804,1.7806964641664214,0.4563861945317802
