experiment,mrr,map,ndcg_at_k,precision_at_k,recall_at_k,f1_score_at_k
fixed_128_12,0.17930107526881722,0.17988351254480286,0.20522273865080995,0.13870967741935483,0.23123574454219614,0.16195108654786075
