experiment,mrr,map,ndcg_at_k,precision_at_k,recall_at_k,f1_score_at_k
fixed_512_0,0.659679916286662,0.5553476053026769,1.027870574692292,0.2818661971830986,1.7100449921752738,0.4704571454636229
fixed_512_128,0.6492418184319593,0.5527041410597702,1.1035510976547114,0.31267605633802814,1.912504191817572,0.522168348491078
recursive_512_64,0.657628827189613,0.5636385364614879,1.02008450463938,0.27887323943661974,1.696677412962624,0.46594116956665926
sentence_s5,0.5546494268345694,0.46108439625964326,0.7881303568997207,0.21654929577464788,1.3283011198504155,0.36162905293550385
