experiment,mrr,map,ndcg_at_k,precision_at_k,recall_at_k,f1_score_at_k
fixed_512_0,0.6366748684585496,0.5623002665174265,1.1482733391344249,0.3443548387096774,2.060103919378113,0.5587227943541274
fixed_512_128,0.6870204905783653,0.6114958241834584,1.2262581243664428,0.3693548387096774,2.1644765628636593,0.5989764186138821
recursive_512_64,0.6834731576667061,0.6036858390224304,1.1487930905836776,0.34838709677419355,2.042355583484616,0.5640136928117087
sentence_s5,0.5724160472144343,0.4806274823661573,0.8365189608316203,0.2516129032258065,1.4138085928408508,0.4046894168739366
