experiment,mrr,map,ndcg_at_k,precision_at_k,recall_at_k,f1_score_at_k
fixed_256_25,0.226,0.226,0.24817528690169904,0.07200000000000001,0.18,0.10285714285714288
fixed_512_50,0.24,0.24555555555555558,0.2637672694649831,0.08800000000000001,0.22,0.12571428571428572
recursive_512_50,0.51,0.4946666666666667,0.5268922590662372,0.168,0.42,0.24000000000000005
sentence_s3,0.49333333333333335,0.48333333333333334,0.5055629928992386,0.12,0.3,0.17142857142857146
sentence_s5,0.304,0.294,0.3327849768168106,0.10400000000000001,0.26,0.1485714285714286
