experiment,mrr,map,ndcg_at_k,precision_at_k,recall_at_k,f1_score_at_k
fixed_512_0,0.5605757428762522,0.4640382341339382,0.7982871234520975,0.2346774193548387,1.3974247079085789,0.38040041530449487
fixed_512_128,0.5592517921146954,0.4693982727101115,0.8577618849566804,0.2508064516129032,1.5230286738351255,0.40830286203339206
recursive_512_64,0.5151716405037088,0.46469610990459737,0.7793925441155751,0.22580645161290322,1.404773541870316,0.36857546998567997
sentence_s5,0.3526784289093287,0.3126143231964979,0.507163715009854,0.1588709677419355,0.8775299073686171,0.254486521417208
