experiment,mrr,map,ndcg_at_k,precision_at_k,recall_at_k,f1_score_at_k
fixed_256_25,0.3568085922516302,0.3538550057537399,0.38120630847281195,0.261066359800537,0.26255624575083075,0.2468565792414345
fixed_512_50,0.4481779823551975,0.4445147679324894,0.4735758287557143,0.3398542385884158,0.337459327672027,0.31895375881103294
recursive_256_25,0.3174146528576908,0.31586114307633295,0.3387652383950848,0.23107019562715767,0.23361846361930977,0.2197835371471834
recursive_512_50,0.4242040659762179,0.42075182201764477,0.4465842790337271,0.31453778289221324,0.31343282408105655,0.29589286564059797
semantic_t0.7_miniLM,0.24553126198695818,0.24535864978902952,0.2643461667171123,0.1739163789796701,0.17190607564025284,0.1632752466028848
semantic_t0.85_miniLM,0.2167625623321826,0.2163981588032221,0.23374258101015025,0.15496739547372457,0.15193974821738132,0.14482644655882723
sentence_s3,0.3489451476793249,0.3457614115841964,0.3694333053846972,0.2516302263137706,0.2533488558794861,0.23832063391641745
sentence_s5,0.4024932873034139,0.39907940161104716,0.4246795243231952,0.2970464135021097,0.29477586700670055,0.2789537062051418
