experiment,mrr,map,ndcg_at_k,precision_at_k,recall_at_k,f1_score_at_k
fixed_256_25,0.31666666666666665,0.3077956989247312,0.34720394862506143,0.19677419354838713,0.3330784806591258,0.23278871665968442
fixed_512_50,0.33198924731182794,0.3288530465949821,0.38702705461301606,0.26129032258064516,0.4111256574966252,0.2971184281668153
recursive_256_25,0.23682795698924733,0.2336021505376344,0.26611700585302356,0.15483870967741936,0.25238851650141975,0.17738363786750885
recursive_512_50,0.3629032258064516,0.36603942652329746,0.40332418792328356,0.2161290322580645,0.36469010380300704,0.25386038692490304
semantic_t0.7_miniLM,0.2303763440860215,0.23254928315412188,0.2560360221495078,0.12580645161290321,0.16403144346692736,0.12802658810723327
semantic_t0.85_miniLM,0.22311827956989247,0.2152105734767025,0.23722755145462734,0.11612903225806452,0.1721407624633431,0.12676476749057394
sentence_s3,0.3163978494623656,0.31223118279569895,0.346651094005616,0.1870967741935484,0.2931533072662105,0.21110739618804136
sentence_s5,0.3518817204301075,0.3452732974910394,0.3834949559003967,0.2161290322580645,0.3429362751943397,0.24484243355211097
