experiment,mrr,map,ndcg_at_k,precision_at_k,recall_at_k,f1_score_at_k
fixed_512_0,0.7285963901808942,0.6198265588134215,1.4239006449775773,0.3958614653663416,2.606026044956306,0.6649282692759402
fixed_512_128,0.7321142567088825,0.6293605923235196,1.500485017808913,0.42283070767691927,2.7856387504036646,0.7104229718101948
recursive_512_64,0.7177992637266511,0.6172310822891185,1.4179037603490223,0.3959489872468117,2.602991898073382,0.6651347092712911
sentence_s5,0.6031035004553151,0.4985457113630813,1.0399804484066588,0.2866216554138535,1.8834976820561171,0.48143863926322816
