experiment,mrr,map,ndcg_at_k,precision_at_k,recall_at_k,f1_score_at_k
fixed_256_25,0.35418622848200315,0.3256541525386889,0.410106149903684,0.17711267605633801,0.5645665660630449,0.2591851163391084
fixed_512_50,0.4249664654594232,0.3776552447400452,0.464295678871058,0.22816901408450704,0.7226168881978741,0.3329550659263846
recursive_256_25,0.30486250838363516,0.2863130663389508,0.35433311569167386,0.15,0.5006099729691279,0.22238608693471773
recursive_512_50,0.41961351441985245,0.3866087785531531,0.4666556783867677,0.2063380281690141,0.6578482257179441,0.3022321816845538
semantic_t0.7_miniLM,0.26318745808182425,0.23958602086504918,0.30555236570518124,0.12746478873239436,0.41151149320163405,0.18718946904585504
semantic_t0.85_miniLM,0.22660965794768614,0.21527890224947568,0.2713183284385818,0.10774647887323945,0.3445139269963214,0.15740145335679062
sentence_s3,0.3483582047842611,0.3166886299055355,0.39509898636732405,0.17147887323943664,0.5630106395951466,0.25324593549640423
sentence_s5,0.3916498993963783,0.37247732648093146,0.4466213411784238,0.19683098591549295,0.641713919882934,0.2898963389563725
