experiment,mrr,map,ndcg_at_k,precision_at_k,recall_at_k,f1_score_at_k
semantic_t0.5,0.29811202800700176,0.2942381428690506,0.27489499505111026,0.18939734933733432,0.3141977467780958,0.223452462692791
semantic_t0.8,0.22737351004417772,0.22407650523742045,0.20248962857533193,0.1420855213803451,0.23252077238621474,0.16648698825676034
semantic_t0.9,0.21594982078853048,0.2138138701342002,0.19045786330235348,0.13328332083020755,0.21763728058974469,0.15608998797632187
semantic_t0.95,0.21037342669000583,0.20870634325247978,0.1852018893800937,0.12978244561140284,0.21103348768625188,0.15178700968426198
