experiment,mrr,map,ndcg_at_k,precision_at_k,recall_at_k,f1_score_at_k
fixed_512_0,0.6152739686056259,0.5214095207585445,1.1186477964897723,0.31167791947987,2.0511484639521917,0.5238126636664648
fixed_512_128,0.6206379106618098,0.5271628020431276,1.1721549119653198,0.3299199799949987,2.170347333951947,0.5544529786627568
recursive_512_64,0.6043498616079261,0.5187108709906998,1.1168612992658422,0.3114653663415854,2.055142706775786,0.5234763325135563
sentence_s5,0.4278253844210833,0.3584746346485393,0.6952923650773013,0.19562390597649412,1.2803469446412337,0.32868742135862034
