experiment,mrr,map,ndcg_at_k,precision_at_k,recall_at_k,f1_score_at_k
fixed_512_0,0.547563988187353,0.473921641654951,0.8031605714545407,0.22799295774647887,1.3793098235879926,0.38039006683356236
fixed_512_128,0.5564642232594801,0.48725245237331205,0.8735593709920507,0.247887323943662,1.5055049996951406,0.4135429707159072
recursive_512_64,0.5456133846869904,0.47852290465260855,0.8232419728910223,0.22869718309859155,1.398142897790785,0.3826040056009618
sentence_s5,0.3781010584012808,0.3322638703711369,0.5408145418046827,0.1512323943661972,0.9472017712334614,0.2539329865702096
