experiment,mrr,map,ndcg_at_k,precision_at_k,recall_at_k,f1_score_at_k
fixed_256_25,0.3895671908963048,0.35767574663799795,0.44570213854692964,0.21976985040276178,0.7276400202317219,0.3221575889674938
fixed_512_50,0.4785144391473506,0.4379638441085849,0.5305546152818932,0.28883774453394706,0.9471483944672937,0.4222324551225296
recursive_256_25,0.3513829068259448,0.3311375491039445,0.4102946704113151,0.19387802071346374,0.6462192230235441,0.2854390868951837
recursive_512_50,0.456899738798473,0.422261121287794,0.5107829873117625,0.26336018411967776,0.8643114710121461,0.385161855250178
semantic_t0.7_miniLM,0.27794545819862276,0.26484896073887937,0.3350110985596253,0.151921749136939,0.501282122056303,0.22282776288656356
semantic_t0.85_miniLM,0.24629650939777523,0.23742037680690484,0.3000094962266113,0.13413118527042578,0.439066094548999,0.1963792070779733
sentence_s3,0.3817564432754306,0.35317731101305544,0.4349929483003229,0.20840046029919448,0.6935269115898963,0.3061886619001407
sentence_s5,0.43442983177160394,0.3984518755974452,0.4854985127583249,0.24250863060989644,0.8022853791117512,0.35564878000352784
