experiment,mrr,map,ndcg_at_k,precision_at_k,recall_at_k,f1_score_at_k
fixed_128_12,0.2163732394366197,0.20940923317683882,0.23915129300713986,0.11267605633802817,0.18522574842997377,0.13452507977155864
