experiment,mrr,map,ndcg_at_k,precision_at_k,recall_at_k,f1_score_at_k
fixed_256_25,0.3758764863828155,0.365550121467843,0.41494800907973317,0.24322209436133485,0.40648267103369035,0.2874192128560154
fixed_512_50,0.4660951285001918,0.4515084388185654,0.5041299683946686,0.3194476409666283,0.5278902685672698,0.3753615821543394
recursive_256_25,0.33709244342155736,0.33215157908195886,0.37541069024577073,0.21532796317606445,0.36129373690878486,0.2556251156879363
recursive_512_50,0.4432489451476793,0.4314844649021864,0.48022516703281093,0.29486766398158804,0.4869363649246184,0.3464630266142185
semantic_t0.7_miniLM,0.2626543920214806,0.25902921621276054,0.2959407984111502,0.16455696202531644,0.27030577006153894,0.1934404789711654
semantic_t0.85_miniLM,0.2317453011123897,0.2292548906789413,0.26189502359714234,0.14577675489067893,0.23773463109122583,0.1707329149736806
sentence_s3,0.36777138473341003,0.35731236414780715,0.40275658461979674,0.23544303797468355,0.39232584006576926,0.2782380889591226
sentence_s5,0.3726428845416187,0.36277106508119167,0.4023874524054962,0.23489067894131185,0.3879301286560796,0.2756168712336277
