experiment,mrr,map,ndcg_at_k,precision_at_k,recall_at_k,f1_score_at_k
fixed_512_0,0.3632079973403503,0.3206152527237261,0.3890412260441408,0.061333333333333344,0.6133333333333333,0.11151515151515151
fixed_512_128,0.3487533570660506,0.310744029687694,0.414806248704203,0.06966666666666667,0.6966666666666667,0.12666666666666668
recursive_512_64,0.3814585311202958,0.35006651960583846,0.4066140621357873,0.062000000000000006,0.62,0.11272727272727273
sentence_s5,0.3720087052037517,0.3448649073985024,0.4162982842151399,0.066,0.66,0.12
