experiment,mrr,map,ndcg_at_k,precision_at_k,recall_at_k,f1_score_at_k
fixed_256_25,0.34137323943661974,0.3327611502347418,0.38291686608554165,0.19929577464788734,0.3254699916671748,0.2357635713269516
fixed_512_50,0.4158450704225352,0.39621478873239435,0.44808333902949543,0.25704225352112675,0.4138606893888584,0.3014735615346635
recursive_256_25,0.29395539906103285,0.28826780125195617,0.3298567376354173,0.17887323943661973,0.30473459443529866,0.21500208516053587
recursive_512_50,0.4082746478873239,0.39673806729264477,0.4441628304500725,0.25563380281690146,0.41533049305936626,0.3012738826119108
semantic_t0.7_miniLM,0.25152582159624415,0.2465913536776213,0.28030447627175853,0.1443661971830986,0.23406715545800053,0.17008843361370288
semantic_t0.85_miniLM,0.21396713615023474,0.21300371674491395,0.24175774665643746,0.12253521126760565,0.1977576316484767,0.14402269575219037
sentence_s3,0.33509389671361506,0.3254499217527386,0.3683568190759106,0.19647887323943664,0.32147506249618923,0.2330299228756147
sentence_s5,0.38198356807511735,0.37594385758998433,0.422967739001252,0.23661971830985917,0.39195526695526695,0.28099225868488503
