experiment,mrr,map,ndcg_at_k,precision_at_k,recall_at_k,f1_score_at_k
fixed_512_0,0.5633838383838384,0.4912767781507497,0.9055805236510541,0.267741935483871,1.6108440394730716,0.4362434016632913
fixed_512_128,0.6193978048317408,0.5221390646130921,1.0088880730568586,0.29516129032258065,1.7811461388074292,0.48170652312945955
recursive_512_64,0.558294930875576,0.5205101994883702,0.9853105341731614,0.3016129032258064,1.7809180514825675,0.48902547667571955
sentence_s5,0.5660938207902154,0.4592654507590328,0.7281208341711053,0.21935483870967742,1.1918604245217148,0.35097815536876115
