experiment,mrr,map,ndcg_at_k,precision_at_k,recall_at_k,f1_score_at_k,chunking_time_s,num_chunks
fixed_256_25,0.40472190257000384,0.388214742360312,0.4468692488755871,0.2538051400076716,0.41797113003395964,0.29815520058565764,0.014595323821617627,625.6833141542003
fixed_512_50,0.5023935558112773,0.4814211737629459,0.5424320309013285,0.33808208668968165,0.5533016942768746,0.39545315754592436,0.016042260388373232,313.0609896432681
recursive_256_25,0.38336401994629843,0.37189298043728425,0.4273713423007238,0.23734560797851936,0.39385177311990266,0.2802438182391719,0.01374162085722999,734.5136939010357
recursive_512_50,0.4930840046029919,0.4713428589694412,0.5331686681465236,0.31718450326045267,0.5211133603897391,0.37155470880256697,0.010029186615323855,362.53762945914843
semantic_t0.7,0.2725930187955505,0.26719760900140643,0.3102147576005496,0.16726121979286537,0.27033125683575293,0.19433377788655978,1.8108366884488367,1383.1583429229
semantic_t0.85,0.2717913310318374,0.26714582534202785,0.3097464693669615,0.16601841196777906,0.26841301557056113,0.1929085615045303,2.1597587928398845,1414.490909090909
sentence_s3,0.41934790947449174,0.40257863444572306,0.45936482213492014,0.2646758726505562,0.4311078067147194,0.3082579371667062,0.015298026121115383,474.3222094361335
sentence_s5,0.46667433831990796,0.44672228615266585,0.5053478562492574,0.30314921365554276,0.4900078157016881,0.3522261754632249,0.014854734539299757,284.78757192174913
