experiment,mrr,map,ndcg_at_k,precision_at_k,recall_at_k,f1_score_at_k
fixed_512_0,0.6117276560922181,0.519413617490448,0.9331185843191213,0.2573943661971831,1.5838113275613277,0.4309330959703499
fixed_512_128,0.6199434672321723,0.5245938758441208,1.0093141930124827,0.28362676056338026,1.7428430431071276,0.474299236487085
recursive_512_64,0.6095429672739118,0.5334702530628418,0.9358209869295284,0.2573943661971831,1.5809569538442776,0.4308437133430743
sentence_s5,0.5046675689612451,0.4251023869390068,0.7142631321908373,0.1959507042253521,1.2068622594150764,0.32798281624201947
