experiment,mrr,map,ndcg_at_k,precision_at_k,recall_at_k,f1_score_at_k
fixed_256_25,0.3221830985915493,0.3227699530516432,0.3504661246728786,0.21948356807511735,0.21835355567749934,0.2087241397100552
fixed_512_50,0.4014084507042254,0.39671361502347413,0.4266124707074146,0.2828638497652582,0.2731521705993537,0.2639949057202578
recursive_256_25,0.27582159624413144,0.27582159624413144,0.2988235370842044,0.1960093896713615,0.1993018718370831,0.1877985863901357
recursive_512_50,0.3873239436619718,0.3829225352112676,0.40646077397719305,0.27582159624413144,0.2699914131252159,0.26023276410600354
semantic_t0.7_miniLM,0.23708920187793425,0.23914319248826293,0.25623413063493344,0.15962441314553988,0.16170241143832692,0.15362434904688427
semantic_t0.85_miniLM,0.20129107981220656,0.2009976525821596,0.2175131423031781,0.13497652582159622,0.13486779261427148,0.1285770176615247
sentence_s3,0.31572769953051644,0.31279342723004694,0.33429848402594775,0.210093896713615,0.20365983781476737,0.1972442268216916
sentence_s5,0.36208920187793425,0.3600352112676056,0.3856470866674395,0.25117370892018775,0.24446337113590633,0.23535038904757213
